[{"model": "admin_interface.theme", "pk": 1, "fields": {"name": "Django", "active": true, "title": "Django administration", "title_color": "#F5DD5D", "title_visible": true, "logo": "", "logo_color": "#FFFFFF", "logo_max_width": 400, "logo_max_height": 100, "logo_visible": true, "favicon": "", "env_name": "", "env_color": "#E74C3C", "env_visible_in_header": true, "env_visible_in_favicon": true, "language_chooser_active": true, "language_chooser_control": "default-select", "language_chooser_display": "code", "css_header_background_color": "#0C4B33", "css_header_text_color": "#44B78B", "css_header_link_color": "#FFFFFF", "css_header_link_hover_color": "#C9F0DD", "css_module_background_color": "#44B78B", "css_module_background_selected_color": "#FFFFCC", "css_module_text_color": "#FFFFFF", "css_module_link_color": "#FFFFFF", "css_module_link_selected_color": "#FFFFFF", "css_module_link_hover_color": "#C9F0DD", "css_module_rounded_corners": true, "css_generic_link_color": "#0C3C26", "css_generic_link_hover_color": "#156641", "css_generic_link_active_color": "#29B864", "css_save_button_background_color": "#0C4B33", "css_save_button_background_hover_color": "#0C3C26", "css_save_button_text_color": "#FFFFFF", "css_delete_button_background_color": "#BA2121", "css_delete_button_background_hover_color": "#A41515", "css_delete_button_text_color": "#FFFFFF", "related_modal_active": true, "related_modal_background_color": "#000000", "related_modal_background_opacity": "0.3", "related_modal_rounded_corners": true, "related_modal_close_button_visible": true, "list_filter_highlight": true, "list_filter_dropdown": true, "list_filter_sticky": true, "list_filter_removal_links": false, "foldable_apps": true, "show_fieldsets_as_tabs": false, "show_inlines_as_tabs": true, "collapsible_stacked_inlines": false, "collapsible_stacked_inlines_collapsed": true, "collapsible_tabular_inlines": false, "collapsible_tabular_inlines_collapsed": true, "recent_actions_visible": true, "form_submit_sticky": false, "form_pagination_sticky": false}}, {"model": "auth.user", "pk": 1, "fields": {"password": "pbkdf2_sha256$720000$d7MPX3BU2MaX1lb9Wdx8Rz$vNeAg0e/CMpfzfXPd0FG0dj5EdzIIi2Ja0Fwam4W7KE=", "last_login": "2024-04-24T07:33:42.435Z", "is_superuser": true, "username": "admin", "first_name": "", "last_name": "", "email": "", "is_staff": true, "is_active": true, "date_joined": "2024-04-06T08:54:12Z", "groups": [], "user_permissions": []}}, {"model": "auth.user", "pk": 2, "fields": {"password": "pbkdf2_sha256$720000$HTRYONf7Kwc1zd7xtLrEv2$Axj6A2isbs391ozUqPPEmK9cGz6N02E/evNlK5gfSsw=", "last_login": "2024-04-06T08:54:53.210Z", "is_superuser": true, "username": "a", "first_name": "", "last_name": "", "email": "", "is_staff": true, "is_active": true, "date_joined": "2024-04-06T08:54:47.266Z", "groups": [], "user_permissions": []}}, {"model": "auth.user", "pk": 3, "fields": {"password": "pbkdf2_sha256$720000$UbeYC1qPZ1wWSCCTEOWQ3E$lKHK7njAAEYQXTGB0l4oycLH8BhI64A2o4bk6mbJUtg=", "last_login": "2024-04-17T01:34:31.635Z", "is_superuser": true, "username": "admin1", "first_name": "", "last_name": "", "email": "", "is_staff": true, "is_active": true, "date_joined": "2024-04-17T01:34:07.215Z", "groups": [], "user_permissions": []}}, {"model": "sessions.session", "pk": "161nhxh1ou1es65akn1rwbylbcbk2eng", "fields": {"session_data": ".eJxVjDkOwjAUBe_iGll2vMSmpM8ZrL-BAyiR4qRC3B0ipYD2zcx7qQLbWsvWZCkjq7Ny6vS7IdBDph3wHabbrGme1mVEvSv6oE0PM8vzcrh_BxVa_dY9IZto4zV4tjZ4EzJGIi8o5LADZ3xGYMxC2UXfpdglzEZS9thHYPX-AOmkOAQ:1rwuBz:6nurH9nZlV0CU7LrbX8NpSJdgL18aAh_KLMU3NIj0rY", "expire_date": "2024-05-01T01:34:31.640Z"}}, {"model": "sessions.session", "pk": "3fn8n5lrlzw0wtggu0k3a1lpgj76txac", "fields": {"session_data": ".eJxVjMsOwiAQRf-FtSE8BgGX7vsNZIaHVA0kpV0Z_12bdKHbe865LxZwW2vYRl7CnNiFSXb63QjjI7cdpDu2W-ext3WZie8KP-jgU0_5eT3cv4OKo37rDKgAwEOJxSCdDQmPROCkklkDYJQlpZJjEUIpJGuU187pZB1GQMveH_YOOFI:1rz7kk:opDz8gwle1KkSR_RoPpOolz8pPR_EOkGtG30jXXXsQM", "expire_date": "2024-05-07T04:27:34.101Z"}}, {"model": "sessions.session", "pk": "fvyt450yyu70r3vhqqtssk04qw1ykxoh", "fields": {"session_data": ".eJxVjMsOwiAQRf-FtSE8BgGX7vsNZIaHVA0kpV0Z_12bdKHbe865LxZwW2vYRl7CnNiFSXb63QjjI7cdpDu2W-ext3WZie8KP-jgU0_5eT3cv4OKo37rDKgAwEOJxSCdDQmPROCkklkDYJQlpZJjEUIpJGuU187pZB1GQMveH_YOOFI:1rtqFY:gDpep_jkOYgZwnvXZMfIOInMdnOFwyHMgv2hb5h5XLU", "expire_date": "2024-04-22T14:45:32.373Z"}}, {"model": "sessions.session", "pk": "t7irhfl6hvtf2zqf6bvfvkg3pjuqlhcb", "fields": {"session_data": ".eJxVjMsOwiAQRf-FtSE8BgGX7vsNZIaHVA0kpV0Z_12bdKHbe865LxZwW2vYRl7CnNiFSXb63QjjI7cdpDu2W-ext3WZie8KP-jgU0_5eT3cv4OKo37rDKgAwEOJxSCdDQmPROCkklkDYJQlpZJjEUIpJGuU187pZB1GQMveH_YOOFI:1rzCuB:Oo8h0rWk9yf4WyhAuvUoTj3M2tpNZ49a6Q0bbjAeCtM", "expire_date": "2024-05-07T09:57:39.327Z"}}, {"model": "sessions.session", "pk": "v96btzzo5irh8zztshedsnn38e02l53u", "fields": {"session_data": ".eJxVjMsOwiAQRf-FtSE8BgGX7vsNZIaHVA0kpV0Z_12bdKHbe865LxZwW2vYRl7CnNiFSXb63QjjI7cdpDu2W-ext3WZie8KP-jgU0_5eT3cv4OKo37rDKgAwEOJxSCdDQmPROCkklkDYJQlpZJjEUIpJGuU187pZB1GQMveH_YOOFI:1rx3rB:hufxLJETlKIm_wxjhh9ebwMwh6IVH-HMjyqfLbnmX9M", "expire_date": "2024-05-01T11:53:41.178Z"}}, {"model": "sessions.session", "pk": "vmu9v66f5twzvbwqffkg3d39u9uay6gh", "fields": {"session_data": ".eJxVjEEOwiAQRe_C2hBgmJa6dN8zkIGhUjWQlHZlvLtt0oVu_3vvv4Wnbc1-a2nxM4urMOLyuwWKz1QOwA8q9ypjLesyB3ko8qRNjpXT63a6fweZWt5rqycAy10EhAFR2R4QgZUJvSEEp1mbOAE5tASgw85tVExgugF0cuLzBaLANjo:1rt1p7:Xc-LQcR55SJZUdh-HwiBruKlf2YtLqeFlJGS0QDIwb4", "expire_date": "2024-04-20T08:54:53.215Z"}}, {"model": "sessions.session", "pk": "wyvskjuxjklaovvqpa9wikkdmznk7pr0", "fields": {"session_data": ".eJxVjMsOwiAQRf-FtSE8BgGX7vsNZIaHVA0kpV0Z_12bdKHbe865LxZwW2vYRl7CnNiFSXb63QjjI7cdpDu2W-ext3WZie8KP-jgU0_5eT3cv4OKo37rDKgAwEOJxSCdDQmPROCkklkDYJQlpZJjEUIpJGuU187pZB1GQMveH_YOOFI:1rzX8Q:F2-Zyd4qH1_harizWKfy8A7IXuhuc-76G3Op210cJbU", "expire_date": "2024-05-08T07:33:42.441Z"}}, {"model": "sessions.session", "pk": "xsbsaihb1j2m5q60w1innkaa3mvwg82w", "fields": {"session_data": ".eJxVjMsOwiAQRf-FtSE8BgGX7vsNZIaHVA0kpV0Z_12bdKHbe865LxZwW2vYRl7CnNiFSXb63QjjI7cdpDu2W-ext3WZie8KP-jgU0_5eT3cv4OKo37rDKgAwEOJxSCdDQmPROCkklkDYJQlpZJjEUIpJGuU187pZB1GQMveH_YOOFI:1ru2H6:D-o3soDmu2xX1mGG5L41nkOx2s0jJw9YCPlpokWE8d8", "expire_date": "2024-04-23T03:35:56.056Z"}}, {"model": "web.service", "pk": 1, "fields": {"service_name": "Assurance & Accounting Services", "service_image": "service-images/ASSURANCEACCOUNTINGAND-TAX-SERVICES.jpg", "slug": "assurance-accounting-services", "content": "<p>Our Assurance and Accounting Services encompass a wide array of offerings tailored to individuals and businesses across various industries. From financial statement audits to tax services, we strive to meet each client's specific needs in an ever-evolving economic and regulatory landscape. Our team of experts ensures that you can entrust your financial matters to us, allowing you to focus on critical business with peace of mind.</p>"}}, {"model": "web.service", "pk": 2, "fields": {"service_name": "AUDITING SERVICES", "service_image": "service-images/i_22_mrYA1QS.webp", "slug": "auditing-services", "content": "<p>As one of the leading auditing firms in Qatar, IHPCA offers a comprehensive suite of auditing services to help clients navigate today's complex business landscape. From external audits to internal audits, performance audits to compliance audits, our team of auditors delivers accurate and reliable results that instill confidence in both your company and the broader economy.</p>"}}, {"model": "web.service", "pk": 4, "fields": {"service_name": "ORGANIZATION STRUCTURES", "service_image": "service-images/Organizational-Empowerment-Services.jpg", "slug": "organizational-structures", "content": "<p>A well-defined organizational structure is the backbone of any successful organization. At IHPCA, we help businesses design and implement organizational structures that align with their objectives and facilitate efficient communication and decision-making. Whether it's a functional structure, divisional structure, flatarchy, or grid structure, we work closely with our clients to identify the most suitable framework for their unique needs.</p>"}}, {"model": "web.service", "pk": 6, "fields": {"service_name": "TAX SERVICES", "service_image": "service-images/TAX-SERVICES.jpg", "slug": "tax-services", "content": "<p>In the rapidly changing business landscape, IHPCA assists organizations in navigating complexity and managing risk. Our tax services empower businesses to make informed decisions while fulfilling their tax obligations. From tax registration and compliance to obtaining tax residency and clearances, our dedicated team provides comprehensive support tailored to your needs. Whether it's preparing and submitting income tax returns or obtaining non-objections for share transfers, IHPCA ensures that your tax matters are handled with precision and efficiency.</p>\r\n<p>At IHPCA, we offer a comprehensive range of professional services tailored to meet your organization's unique financial needs. Whether you're navigating the complexities of international financial reporting standards, safeguarding against financial fraud, or ensuring compliance with regulatory guidelines, our team of experts is here to assist you every step of the way.</p>\r\n<p>Direct Tax Services Direct taxes play a crucial role in any economy, enabling governments to collect taxes directly from citizens' income. Our Direct Tax team ensures that clients fulfill their tax obligations on time and provides guidance to ensure compliance with Qatar's specific tax regulations, minimizing the risk of penalties.</p>\r\n<p>Withholding Tax Services In addition to corporate tax obligations, companies must fulfill withholding tax (WHT) obligations when making payments to non-residents. Our tax professionals offer a range of services, including compliance, optimization strategies, advisory, and refunds under Double Taxation Agreements, ensuring efficient management of WHT exposures.</p>"}}, {"model": "web.service", "pk": 7, "fields": {"service_name": "Start-up Business Services", "service_image": "service-images/Start-up-Business-Services.jpg", "slug": "start-up-business-services", "content": "<p>IHPCA offers a comprehensive range of services tailored to entrepreneurs and small business owners, whether they are in the initial startup phase or seeking assistance in growing their businesses. Our in-house experts and partner network are dedicated to helping you build the business of your dreams, providing support from start to finish.</p>"}}, {"model": "web.service", "pk": 8, "fields": {"service_name": "Risk Advisory Services", "service_image": "service-images/Risk-Advisory-Services.jpg", "slug": "risk-advisory-services", "content": ""}}, {"model": "web.service", "pk": 9, "fields": {"service_name": "ORGANIZATIONAL EMPOWERMENT", "service_image": "service-images/i_10.webp", "slug": "organizational-empowerment", "content": "<p>Empowering Organization Methodology by IHPCA has evolved over the last three decades to facilitate talent development, behavioral changes, financial policies and procedures, organizational assessments, and cultural transformations across various organizations. Through extensive training, the methodology has been implemented in both large and small-scale enterprises, enabling practitioners to effectively deliver its benefits.</p>\r\n<p>Financial Policies and Procedures serve as the framework for bookkeeping and financial practices within a business, aligning with its values and culture. These policies govern how employees handle tasks such as managing petty cash, debt collection, or client payments, ensuring consistency and compliance.</p>\r\n<p>IT System Assessment, Selections, and Planning are crucial for maintaining competitiveness in today's business landscape. IHPCA offers recommendations for software systems like ERP, CRM, SCM, and HCM, tailored to each organization's needs, ensuring timely and cost-effective implementation aligned with business objectives.</p>\r\n<p>Organizational Assessments adopt a systematic approach to analyze proposed changes, assess organizational readiness, and evaluate risks associated with the change, considering factors such as business intelligence, stakeholder involvement, and strategic alignment.</p>\r\n<p>Strategic Plan Development and Assessment involve collaborative efforts between management, employees, and external stakeholders to define business direction, goals, and action plans. Flexibility is key, allowing for adjustments to adapt to changing circumstances while maintaining focus on long-term objectives.</p>\r\n<p>Organizational Structure Review aims to enhance organizational effectiveness by gathering, analyzing, and sharing relevant data, fostering understanding and insight into the organization's dynamics.</p>\r\n<p>Training Needs Assessments and Planning identify competency gaps among employees, enabling informed decisions on training strategies tailored to individual or group needs, enhancing performance and career development opportunities.</p>\r\n<p>Core Process Identification and Mapping utilize various tools and techniques to understand, document, and improve organizational processes, promoting efficiency and effectiveness in workflow management.</p>\r\n<p>Organizational Policies and Procedures establish guidelines and protocols for addressing issues within the organization, reinforcing values and expectations. Clear policies and detailed procedures ensure consistency and accountability in handling various situations, such as security measures for access control.</p>\r\n<p>&nbsp;</p>\r\n<p>&nbsp;</p>"}}, {"model": "web.service", "pk": 10, "fields": {"service_name": "TRANSACTION SERVICES", "service_image": "service-images/i_11.webp", "slug": "transaction-services", "content": "<p>Your Transaction Services business provides a diverse set of offerings to support different stages of corporate transactions. These services encompass ventures structuring and funding, due diligence investigations, pricing policies, business valuations, privatizations, and transfers of business, among others.</p>\r\n<p>Ventures Structuring and Funding This involves assisting clients in structuring joint ventures (JVs) for projects in Qatar. JVs are crucial for sharing costs and risks and increasing the chances of securing contracts. Your team helps navigate Qatari laws and regulations to ensure compliance and offers insights into the most suitable JV structure.</p>\r\n<p>Due Diligence Investigations and Valuations Your experts conduct thorough due diligence investigations to verify facts and assess financial records before transactions. This process helps clients make informed decisions by reducing uncertainty and adding credibility to financial data. Valuation services ensure accurate assessments of businesses or assets involved in transactions.</p>\r\n<p>Pricing Policies Your team assists in setting pricing strategies to align with business goals and market conditions. This involves considering various factors such as costs, value, demand, and competition to optimize pricing decisions and enhance profitability.</p>\r\n<p>Business Valuations Providing objective and accurate evaluations of businesses is crucial for informed decision-making in transactions. Your services cover different valuation methodologies to determine the fair value of companies or assets involved.</p>\r\n<p>Privatizations and Transfers of Business Your assistance extends to guiding clients through the process of establishing a legal presence in Qatar and navigating ownership regulations. This includes advising on company structures, ownership restrictions, and necessary permits or licenses.</p>\r\n<p>Financial Transactions Support Your team offers support during significant corporate changes, such as mergers, acquisitions, or startups. This involves optimizing financial processes and systems to adapt to new business models efficiently.</p>\r\n<p>Mergers and Acquisitions From valuation to deal structuring and execution, your experts provide comprehensive support throughout the M&amp;A process. This includes assessing risks, evaluating financial and operational aspects, and ensuring successful deal closure.</p>\r\n<p>&nbsp;</p>\r\n<p>Financial Modeling and Business Valuations Utilizing advanced financial modeling techniques, your team helps clients forecast future cash flows and assess investment opportunities. This enables informed decision-making and accurate valuation of businesses or projects.</p>\r\n<p>Financial Feasibility Studies Conducting detailed feasibility studies helps clients assess the viability of projects or business ventures. Your team examines various aspects, including market potential, financial projections, and return on investment, to guide strategic planning.</p>\r\n<p>Capital and Debt Restructuring In response to changing market conditions, your services include advising on restructuring capital and debt to optimize financial structures and support future growth. This involves renegotiating terms with lenders and identifying alternative financing options.</p>\r\n<p>Working Capital Management Effective management of working capital is essential for maintaining liquidity and supporting daily operations. Your team helps optimize inventory, accounts receivable, and accounts payable to ensure efficient use of resources.</p>\r\n<p>Public Offerings Assisting companies in raising capital through public offerings involves comprehensive planning and execution. Your services cover regulatory compliance, investor relations, and structuring offerings to maximize value for both the company and investors.</p>\r\n<p>We provide you with the finest support to deal with the lifecycle, from initial planning to successful execution.</p>"}}, {"model": "web.service", "pk": 11, "fields": {"service_name": "Organizational Structure and Communications", "service_image": "service-images/Frame_95895.png", "slug": "organizational-structure-and-communications", "content": "<p>We analyze four predominant organizational structures- functional, divisional, matrix, and flatarchy to optimize communication strategies and adapt to evolving business challenges. By assessing the impact of each structure on communication flow and employee collaboration, we help organizations enhance internal communication processes and foster a culture of innovation and agility.</p>\r\n<p>&nbsp;</p>\r\n<p>At IHPCA, our Global Risk Advisory Services practice is dedicated to leveraging our expertise and global network to support clients in managing risks, enhancing governance practices, and driving organizational resilience</p>"}}, {"model": "web.serviceenquiry", "pk": 1, "fields": {"service": 1, "name": "Ivory Waters", "email": "kosij@mailinator.com", "mobile": "32", "message": "Voluptatem ut repud"}}, {"model": "web.serviceenquiry", "pk": 2, "fields": {"service": 1, "name": "Dexter Mcguire", "email": "nyvekeqy@mailinator.com", "mobile": "12", "message": "Recusandae Sit rep"}}, {"model": "web.serviceenquiry", "pk": 3, "fields": {"service": 1, "name": "Martina Potts", "email": "tugyxid@mailinator.com", "mobile": "3", "message": "Et enim velit repud"}}, {"model": "web.serviceenquiry", "pk": 4, "fields": {"service": 1, "name": "Jameson Sharp", "email": "cuxujebi@mailinator.com", "mobile": "33", "message": "In neque et ullam lo"}}, {"model": "web.servicefaq", "pk": 1, "fields": {"service": 1, "question": "INTERNATIONAL FINANCIAL REPORTING STANDARDS (IFRS) SERVICES", "answer": "<p>Transitioning to International Financial Reporting Standards (IFRS) can be a daunting task. Our dedicated team at IHPCAprovides expert guidance and support to help your organization seamlessly adopt IFRS. From examining your existing data infrastructure to preparing financial statements in accordance with IFRS, we offer a comprehensive range of services to ensure compliance and accuracy.</p>"}}, {"model": "web.servicefaq", "pk": 2, "fields": {"service": 1, "question": "FORENSIC ACCOUNTING", "answer": "<p>In today's complex business environment, financial fraud and regulatory investigations are ever-present risks. Our forensic accounting specialists at IHPCAare equipped to handle a wide range of forensic accounting services, including responding to allegations of fraud, regulatory inquiries, and anti-corruption investigations. With our multidisciplinary approach, we help clients safeguard their assets and reputation while minimizing disruptions to their business operations.</p>"}}, {"model": "web.servicefaq", "pk": 5, "fields": {"service": 1, "question": "BOOKKEEPING", "answer": "<p>Efficient bookkeeping is essential for maintaining accurate financial records and meeting reporting deadlines. At IHPCA, we offer a variety of bookkeeping services tailored to your organization's needs. Whether you require off-site or on-site bookkeeping, our team will ensure that your financial records are meticulously maintained and up-to-date.</p>"}}, {"model": "web.servicefaq", "pk": 6, "fields": {"service": 1, "question": "AGREED UPON PROCEDURES (AUP)", "answer": "<p>For specific procedures relating to financial information, IHPCAoffers agreed-upon procedures engagements in accordance with International Standard on Related Services (ISRS) 4400. Our experienced auditors work closely with clients to perform agreed-upon procedures and provide verifiable findings on financial data or operational processes.</p>"}}, {"model": "web.servicefaq", "pk": 7, "fields": {"service": 2, "question": "INTERNAL AUDIT", "answer": "<p>Our internal audit services provide independent, objective assurance and consulting to improve your organization's internal operations. With a focus on risk management, control, and governance processes, we help identify areas for improvement and enhance overall effectiveness.</p>"}}, {"model": "web.servicefaq", "pk": 8, "fields": {"service": 2, "question": "PERFORMANCE AUDIT", "answer": "<p>Performance audits evaluate an organization's operations to determine if it is meeting its goals through specific programs or functions. Our experts conduct thorough evaluations to ensure that your organization is operating efficiently and effectively.</p>"}}, {"model": "web.servicefaq", "pk": 10, "fields": {"service": 2, "question": "COMPLIANCE AUDITS", "answer": "<p>Compliance audits ensure that your organization adheres to regulatory guidelines and industry standards. Our comprehensive compliance audit services evaluate the strength and thoroughness of your compliance preparations, security policies, and risk management procedures.</p>"}}, {"model": "web.servicefaq", "pk": 11, "fields": {"service": 2, "question": "MANAGEMENT AUDITS", "answer": "<p>Management audits assess the effectiveness of your organization's management team in maximizing shareholder, employee, and company value. Our management audit services help identify opportunities for improvement and strategic alignment.</p>"}}, {"model": "web.servicefaq", "pk": 12, "fields": {"service": 2, "question": "SHARIA AUDIT", "answer": "<p>For organizations operating in compliance with Shariah principles, our Sharia audit services provide independent evaluations to ensure adherence to Islamic finance principles. We work closely with clients to enhance internal control systems and ensure Shariah compliance.</p>"}}, {"model": "web.servicefaq", "pk": 25, "fields": {"service": 4, "question": "CORPORATE STRATEGY AND FUNDING", "answer": "<p>Crafting a robust corporate strategy is essential for driving growth and maximizing shareholder value. Our team at IHPCA specializes in developing strategic portfolios, optimizing resource allocation, and identifying growth opportunities. With our expertise in asset allocation, performance improvement, and mergers and acquisitions, we help businesses build sustainable value and achieve their long-term goals.</p>"}}, {"model": "web.servicefaq", "pk": 26, "fields": {"service": 4, "question": "RELOCATION BUSINESS STUDIES", "answer": "<p>Relocating a business involves careful consideration of various factors, including workforce issues, market reach, cost optimization, and quality of life. At IHPCA, we assist businesses in evaluating the rationale behind relocation decisions and developing comprehensive relocation strategies. Whether it's expanding into new markets or upgrading facilities, we help businesses navigate the complexities of relocation with confidence.</p>"}}, {"model": "web.servicefaq", "pk": 27, "fields": {"service": 4, "question": "MARKET IDENTIFICATION AND MEASUREMENTS", "answer": "<p>Identifying and targeting the right market segments is crucial for business success. At IHPCA, we help businesses analyze market trends, identify key customer segments, and measure market potential. With our expertise in market research and analysis, we empower businesses to make informed decisions and tailor their marketing efforts for maximum impact.</p>"}}, {"model": "web.servicefaq", "pk": 28, "fields": {"service": 4, "question": "DIVERSIFICATION AND ACQUISITIONS", "answer": "<p>Diversification through acquisitions can be a strategic growth driver for businesses. At IHPCA, we assist businesses in identifying potential acquisition targets, conducting due diligence, and executing successful acquisitions. Whether it's expanding into new markets or acquiring complementary businesses, we help businesses navigate the complexities of diversification with confidence</p>"}}, {"model": "web.servicefaq", "pk": 29, "fields": {"service": 4, "question": "HUMAN RESOURCE SOLUTIONS", "answer": "<p>Effective human resource management is critical for attracting, retaining, and developing top talent. At IHPCA, we offer a comprehensive suite of HR solutions, including recruiting, onboarding, training, and performance management. With our integrated HR and payroll platform, we help businesses streamline their HR processes and empower their employees to thrive.</p>"}}, {"model": "web.servicefaq", "pk": 30, "fields": {"service": 4, "question": "MANAGEMENT INFORMATION SYSTEMS", "answer": "<p>Information technology plays a crucial role in driving business performance and efficiency. At IHPCA, we help businesses leverage management information systems (MIS) to optimize their operations and decision-making processes. Whether it's implementing new systems, analyzing data, or enhancing cybersecurity, we provide tailored MIS solutions to meet our clients' unique needs.</p>"}}, {"model": "web.servicefaq", "pk": 31, "fields": {"service": 4, "question": "PROJECT PLANNING AND CONTROL", "answer": "<p>Effective project planning and control are essential for delivering projects on time and within budget. At IHPCA, we help businesses develop comprehensive project plans, allocate resources, and monitor progress to ensure successful project outcomes. Whether it's managing timelines, budgets, or risks, we provide the expertise and support needed to keep projects on track.</p>"}}, {"model": "web.servicefaq", "pk": 32, "fields": {"service": 4, "question": "STRATEGIC PLANNING", "answer": "<p>Strategic planning is the cornerstone of business success. At IHPCA, we help businesses develop clear vision, mission, and values statements, and set actionable goals and objectives. With our strategic planning expertise, we empower businesses to anticipate market trends, capitalize on opportunities, and navigate challenges with confidence.</p>"}}, {"model": "web.servicefaq", "pk": 45, "fields": {"service": 6, "question": "Inbound Tax Advisory", "answer": "<p>We assist businesses in conducting operations in Qatar in a tax-effective manner, offering services such as tax structuring, permanent establishment exposure assessment, tax audit preparation, and advice on double taxation reliefs.</p>"}}, {"model": "web.servicefaq", "pk": 46, "fields": {"service": 6, "question": "QFC Tax Compliance", "answer": "<p>For companies registered under the Qatar Financial Center (QFC), we provide assistance with tax return preparation and filing, tax registration, advance ruling, and tax assessment through our associated firm.</p>"}}, {"model": "web.servicefaq", "pk": 47, "fields": {"service": 6, "question": "Tax Registration", "answer": "<p>We help entities operating in Qatar obtain and renew tax cards from the General Tax Authority (GTA), ensuring compliance with regulatory requirements and facilitating smooth business operations.</p>"}}, {"model": "web.servicefaq", "pk": 48, "fields": {"service": 6, "question": "Indirect Tax Services", "answer": "<p>Our services include obtaining tax assessments and No Objection Certificates (NOCs) from the GTA, filing objections and appeals before the Tax Appeal Committee, and assisting with excise tax compliance.</p>"}}, {"model": "web.servicefaq", "pk": 49, "fields": {"service": 6, "question": "Excise Tax", "answer": "<p>We help businesses subject to excise tax assess their obligations and develop compliance plans, ensuring full compliance with Qatar's excise tax regulations.</p>"}}, {"model": "web.servicefaq", "pk": 50, "fields": {"service": 7, "question": "Market Research and Analysis", "answer": "<p>Market research is essential for understanding your target market and shaping a successful marketing strategy. Our experts conduct thorough research to gather data that informs product development, enhances customer experience, and improves conversion rates. By understanding your customers' needs and preferences, you can gain a competitive edge and build customer loyalty.</p>"}}, {"model": "web.servicefaq", "pk": 51, "fields": {"service": 7, "question": "Feasibility Study Development", "answer": "<p>A feasibility study evaluates the viability of a project, ensuring it is technically, financially, and legally feasible. Our team conducts comprehensive assessments to determine whether a project is worth pursuing, considering factors such as technical resources, financial implications, legal requirements, operational feasibility, and project scheduling.</p>"}}, {"model": "web.servicefaq", "pk": 52, "fields": {"service": 7, "question": "Business Plan Development", "answer": "<p>A well-crafted business plan is essential for attracting investors and guiding your business strategy. Our experts help you create a detailed plan that outlines your business objectives, marketing strategy, financial projections, and operational goals. Whether you're a startup or an established business, a solid business plan is crucial for success.</p>"}}, {"model": "web.servicefaq", "pk": 53, "fields": {"service": 7, "question": "Investment Structure Development", "answer": "<p>Choosing the right investment structure is crucial for optimizing tax efficiency and protecting your assets. Our team provides guidance on various investment structures, including individual holdings, partnerships, corporations, trusts, superannuation funds, and more. We help you evaluate the pros and cons of each structure to make informed decisions that align with your financial goals.</p>"}}, {"model": "web.servicefaq", "pk": 54, "fields": {"service": 7, "question": "Assistance in Establishin", "answer": "<p>Navigating the company registration process in Qatar can be complex, but our experienced professionals simplify the process for you. From name reservation to drafting articles of association and obtaining trade licenses, we handle every step of the registration process efficiently. We also assist with office space arrangements and ensure compliance with regulatory requirements.</p>"}}, {"model": "web.servicefaq", "pk": 55, "fields": {"service": 7, "question": "Investors Audit", "answer": "<p>Auditing your investments is essential for ensuring transparency and accountability. Our team conducts thorough audits to verify the accuracy and completeness of your investment records, assess valuation methods, and confirm compliance with accounting standards. We provide audit statements that address key areas such as asset existence, completeness, valuation, and rights and obligations.</p>"}}, {"model": "web.servicefaq", "pk": 56, "fields": {"service": 7, "question": "Bank Debt Arrangement", "answer": "<p>We assist our valued clients in securing various Islamic bank facilities, including letters of credit, bank guarantees, overdrafts, term loans, and special COVID-19 loans. Our team leverages our network and expertise to negotiate favorable terms and streamline the debt arrangement process for your business.</p>\r\n<p>Whether you're just starting out or looking to expand, IHPCA is your trusted partner for all your business needs. Our comprehensive services and dedicated support ensure that you have the guidance and resources you need to succeed.</p>"}}, {"model": "web.servicefaq", "pk": 57, "fields": {"service": 8, "question": "Enterprise Risk Management (ERM)", "answer": "<p>Our ERM approach helps organizations identify, assess, and prepare for potential risks and disasters that could impact operations and objectives. By developing comprehensive risk management plans, we assist clients in navigating risks across various sectors, including aviation, construction, healthcare, energy, finance, and insurance.</p>"}}, {"model": "web.servicefaq", "pk": 58, "fields": {"service": 8, "question": "Internal Audit", "answer": "<p>Our Risk Consulting practice collaborates with internal audit leaders, senior management, audit committees, and boards to establish effective internal audit functions that provide strategic business assurance, identify opportunities, and enhance organizational value. We offer tailored internal audit services across different industries to meet the specific needs of each organization.</p>"}}, {"model": "web.servicefaq", "pk": 59, "fields": {"service": 8, "question": "Internal Controls Compliance Assessments", "answer": "<p>We support Compliance Officers in evaluating and enhancing compliance controls to ensure adherence to evolving laws, regulations, and industry standards. By conducting thorough assessments, we help organizations identify and address control weaknesses, mitigate risks, and maintain integrity in operations. Our expertise includes evaluating regulatory compliance, assessing control effectiveness, and monitoring staff adherence to policies and procedures.</p>"}}, {"model": "web.servicefaq", "pk": 60, "fields": {"service": 8, "question": "Assess Current Corporate Governance Structure", "answer": "<p>Our corporate governance assessments evaluate an organization's governance practices, processes, and procedures to ensure alignment with industry best practices and regulatory requirements. We conduct comprehensive reviews of governance documents, board structures, director roles and responsibilities, and subsidiary management practices to identify areas for improvement and enhance board performance.</p>"}}, {"model": "web.servicefaq", "pk": 62, "fields": {"service": 4, "question": "PRICING POLICIES", "answer": "<p>Setting the right pricing strategy is crucial for maximizing profitability and staying competitive in the market. At IHPCA, we help businesses develop pricing policies that align with their strategic objectives and market dynamics. Whether it's cost-based pricing, value-based pricing, or competitive pricing, we provide tailored pricing solutions to help businesses achieve their financial goals.</p>"}}, {"model": "web.servicefaq", "pk": 63, "fields": {"service": 4, "question": "BUSINESS PROCESSES", "answer": "<p>Efficient business processes are essential for driving productivity and minimizing waste. At IHPCA, we help businesses streamline their processes, identify bottlenecks, and implement best practices for maximum efficiency. Whether it's optimizing supply chain management, improving customer service processes, or enhancing operational workflows, we provide customized solutions to meet our clients' specific needs.</p>"}}, {"model": "web.servicefaq", "pk": 64, "fields": {"service": 4, "question": "POLICIES AND PROCEDURE DEVELOPMENT", "answer": "<p>Clear policies and procedures are essential for maintaining a fair and productive work environment. At IHPCA, we help businesses develop comprehensive policies and procedures that align with legal requirements and organizational goals. Whether it's employee relations policies, a code of conduct, or health and safety procedures, we provide tailored solutions to help businesses promote compliance and employee well-being.</p>"}}, {"model": "web.servicefaq", "pk": 65, "fields": {"service": 6, "question": "Value Added Tax (VAT) Advisory", "answer": "<p>With the imminent introduction of VAT in Qatar, we offer comprehensive solutions to help businesses manage VAT implementation efficiently, including supply chain analysis, IT system upgrades, and governance framework reviews.</p>"}}, {"model": "web.servicefaq", "pk": 66, "fields": {"service": 6, "question": "Capital Gains Tax Return", "answer": "<p>We assist individuals and non-residents in filing capital gains tax returns, ensuring compliance with Qatar's tax regulations.</p>"}}, {"model": "web.servicefaq", "pk": 67, "fields": {"service": 6, "question": "International Tax Services", "answer": "<p>Our services include transfer pricing, double tax treaties, outbound tax advisory, and assistance with the Automatic Exchange of Information.</p>"}}, {"model": "web.servicefaq", "pk": 68, "fields": {"service": 6, "question": "Other Tax Services", "answer": "<p>We provide assistance with tax residency certificates, requests for Non-Objection Certificates (NOCs) for share sales, objections and appeals, penalty exemptions, and submission of Master File/Local File. Overall, our goal is to provide comprehensive tax services that enable businesses to navigate regulatory requirements effectively while optimizing their tax positions.</p>"}}, {"model": "web.blog", "pk": 1, "fields": {"title": "Corporate Income Tax in GCC Countries", "slug": "corporate-income-tax-in-gcc-countries", "date": "2022-12-20", "image": "blog-images/Corporate-Income-Tax-in-GCC-Countries.png", "content": "<p>Gulf Co-operation Council (GCC) came into force in 1981. The goal of the GCC is to uphold unity among its member nations and serve as a guide for tax regulation. The main objectives for the formation of GCC countries were for the common currency, common market and customs union, which were set forth by the GCC Supreme Council.&nbsp;IHPCA is the best and leading&nbsp;<a href=\"https://ihpca.com/\">Chartered accountant service in Qatar</a>.</p>\r\n<p>Corporate income tax rates among states of Gulf Cooperation Council (GCC)</p>\r\n<p><strong>The United Arab Emirates (UAE)</strong></p>\r\n<p>The introduction of corporate tax in the UAE has forced businesses operating there to evaluate the extent of their compliance obligations and make the necessary preparations. When it was announced that the UAE corporate tax would go into effect on June 1st, 2023, many foreign investors expressed concerns about the new tax structure. However, when compared to other Gulf Cooperation Council nations, the UAE has the lowest corporate tax rate at 9%. (GCC).</p>\r\n<p>Businesses can currently consult with tax agents in the UAE to stay informed about the corporate tax structure in the nation. Currently, the UAE corporate tax is applied to businesses&rsquo; taxable income in the following ways:</p>\r\n<ul>\r\n<li aria-level=\"1\">0% for taxable income that is less than AED 375,000&nbsp;</li>\r\n<li aria-level=\"1\">9% for taxable income that is more than AED 375,000</li>\r\n</ul>\r\n<p><strong>The Kingdom of Bahrain</strong></p>\r\n<p>Currently, the Kingdom of Bahrain only imposes a minimal 46% corporate tax. Only businesses engaged in activities like hydrocarbon exploration, production, or refining are subject to the Bahrain corporate tax. All other businesses involved in activities besides these are subject to a corporate tax at a rate of 0%. In addition, there are no taxes levied by the Kingdom on income, sales, capital gains, or estates.</p>\r\n<p><strong>The Kingdom of Saudi Arabia (KSA)</strong></p>\r\n<p>According to Saudi Arabia&rsquo;s tax code, which took effect on July 30, 2004, resident capital companies and non-residents conducting business operations through a permanent establishment (PE) are both subject to a 20% corporate income tax. If a business was formed in accordance with the Saudi Companies Regulations or if its central management and control are located within the Kingdom, it will be regarded as a resident business.</p>\r\n<p>Investors who are not Saudi nationals are typically subject to Saudi Arabia&rsquo;s income tax regime. Contact the Best&nbsp;<a href=\"https://ihpca.com/\">Chartered accountant firms in Qatar</a>.&nbsp;</p>\r\n<p><strong>The Sultanate of Oman</strong></p>\r\n<p>Regardless of whether a business entity is a corporation or not, registered or unregistered, the rate of corporate income tax is the same across all categories of business entities in Oman. Except for Omani proprietorships (&lsquo;establishments&rsquo;) and limited liability companies (llcs) that comply with the requirements for small and medium enterprises, Oman charges corporate tax at a rate of 15% to all taxpayers (smes).</p>\r\n<p><strong>The State of Qatar</strong></p>\r\n<p>One of the richest and most renowned countries in the GCC region with a 10% corporate tax is Qatar. Businesses that are wholly or partially owned by foreign entities and generate income from Qatari sources are taxed there. The percentage of the joint venture&rsquo;s profit that the foreign partner owns determines the tax obligations of joint ventures in Qatar. Currently, Qatar does not impose any corporate income tax on businesses that are entirely owned by GCC and Qatari citizens who reside in Qatar.</p>\r\n<p><strong>The State of Kuwait</strong></p>\r\n<p>The corporate income tax rate in Kuwait is currently 15%. Companies wholly owned by citizens of Kuwait or other GCC nations are not subject to Kuwait&rsquo;s corporate income tax. However, the amount of foreign ownership will determine whether GCC companies are subject to corporate tax or not. Kuwait only taxes foreign &lsquo;corporate bodies&rsquo; that conduct business or trade in Kuwait directly or through agents on their profits and capital gains.&nbsp;IHPCA is the best and leading&nbsp;<a href=\"https://ihpca.com/\">Chartered accountant service in Qatar</a>. Contact us for more information.</p>\r\n<div class=\"post_meta post_meta_single\">&nbsp;</div>"}}, {"model": "web.blog", "pk": 2, "fields": {"title": "What is IFRS 17 Insurance Contracts?", "slug": "what-is-ifrs-17-insurance-contracts", "date": "2023-02-28", "image": "blog-images/i_23.webp", "content": "<p>IFRS 17, International Financial Reporting Standards 17 is the most significant change in insurance reporting in decades, affecting all insurers that report under IFRS. According to IFRS 17, a company must measure insurance contracts using streamlined estimates and hypotheticals that reflect the timing of cash overflows and&nbsp;<a href=\"http://www.salgen.it/\" target=\"_blank\" rel=\"noopener\">salgen.it</a>&nbsp;any query associated with insurance contracts.</p>\r\n<p>The law has demanded for transparent reporting about a company&rsquo;s fiscal position and threat which you can easily follow with a<a href=\"https://ihpca.com/\">&nbsp;chartered accountants service in Qatar</a>. There are many<a href=\"https://ihpca.com/\">&nbsp;accounting services in Qatar</a>&nbsp;that offer these services.</p>\r\n<p><strong>Objective</strong></p>\r\n<p><em>The ideal objective of IFRS 17 is to insure that an entity provides applicable information that faithfully represents those contracts. This information gives a base for druggies of fiscal statements to assess the effect that insurance contracts have on the reality&rsquo;s fiscal position, fiscal performance and cash overflows.</em></p>\r\n<p>IFRS 17 provides openings to better harness data, ameliorate the structure of your finance function, which will facilitate more enhanced decisions. Significant trouble must be expended in assessing the conditions of IFRS 17 because it&rsquo;ll have far- reaching counteraccusations for staff involved with systems, data, and processes.</p>\r\n<p>Insurance contracts incorporate rudiments of both a fiscal instrument and a service contract. Likewise, numerous insurance contracts induce cash overflows with significant variability over time. A brief of IFRS 17 as mentioned by&nbsp;<a href=\"https://ihpca.com/\">chartered accountants in Qatar</a>&nbsp;have been stated below.</p>\r\n<ul>\r\n<li>Combines current dimension of unborn cash flows with profit recognition over the period that services are handled under the contract.</li>\r\n<li>Separates insurance service results (including donation of insurance profit) from insurance finance income or charges.</li>\r\n<li>Requires an entity to choose whether to honour all insurance finance income or charges.</li>\r\n</ul>\r\n<p><em>The crucial principles of IFRS 17 are as follows</em></p>\r\n<ul>\r\n<li>Defines insurance contracts as contracts in which the reality accepts significant insurance threat from another party (the policyholder) by agreeing to compensate the policyholder if a specified uncertain future event (the ensured event) negatively affects the policyholder.</li>\r\n<li>Distinguishes insurance contracts from specified bedded derivations, distinct investment factors, and distinct performance scores.</li>\r\n<li>Classifies contracts into groups that it can honour and measure on timely basis. To not miss any submission dates, we suggest you to hire services from any<a href=\"https://ihpca.com/\">&nbsp;chartered accountants consultancy in Qatar</a>.</li>\r\n<li>Recognises the profit from a group of insurance contracts over the period in which the reality provides insurance contract services and as the reality is threat-free. However, an entity recognises the loss incontinently.</li>\r\n<li>Presents independently insurance profit (banning the damage of any investment element), insurance service charges (banning the prepayment of any investment element), and insurance finance income or charges.</li>\r\n<li>Discloses information to allow assessment of fiscal statements that may impact contracts covered by IFRS 17 have on the fiscal position.</li>\r\n</ul>"}}, {"model": "web.blog", "pk": 3, "fields": {"title": "2023 Accounting tips for small business in Qatar", "slug": "2023-accounting-tips-for-small-business-in-qatar", "date": "2023-01-14", "image": "blog-images/i_24.webp", "content": "<p>Your company has reached 20223, ad it a big step for yet another fruitful year in Qatar. The start of a new year is a good time to evaluate your plans and set your priorities for the year.</p>\r\n<p>In 2023, it will be crucial for small business owners to have a solid business plan, understand their finances, ensure compliance with regulations, and recognise their successes along the way. Without the help of a freelancer professional, they might have trouble putting their plans into action. You can implement your strategies and goals for 2023 with the aid of<a href=\"https://ihpca.com/\">&nbsp;<strong>audit firm in Qatar.</strong></a></p>\r\n<p>&nbsp;</p>\r\n<ol>\r\n<li><strong>Know Your Numbers</strong></li>\r\n</ol>\r\n<p>An important step to know when doing business in Qatar: accounting standards are put in place to promote and support uniformity and to ensure transparency in accounting practices. Qatar follows a set of uniformed practice in accounting. These include knowing the basic accounting terms such as</p>\r\n<p><em>Management accounting</em></p>\r\n<p>It is the type of accounting that defines the processes of identifying, recording, analysing and evaluating and reporting transactions for leadership to make decisions.</p>\r\n<p><em>Price tracking</em></p>\r\n<p>It is a type of accounting where expenses incurred in producing a specific good or service for sale are recorded. Hiring&nbsp;<a href=\"https://ihpca.com/\"><strong>auditors in Qatar/ Doha</strong></a>&nbsp;to track will be the right choice.</p>\r\n<p><em>Financial management</em></p>\r\n<p>For the purpose of creating financial statements, such as the income statement, balance sheet, and cash flow statement, this type of accounting defines the procedures for locating, documenting, analysing, and evaluating transactions. You will read further on financial management in point three.</p>\r\n<ol start=\"2\">\r\n<li><strong>Quality check</strong></li>\r\n</ol>\r\n<p>The State of Qatar&rsquo;s accounting procedures and principles are encouraged to be strictly followed by both public and private organisations. All listed companies are required to prepare and provide financial statements &ldquo;in accordance with the accounting principles approved internationally,&rdquo; as per Commercial Law No. 5 of 2002. This is referred to as IFRS in the regulations of the Qatar Financial Markets Authority (QFMA). The International Financial Reporting Standards are thus considered the acceptable accounting standards in the State of Qatar. The country&rsquo;s financial market is governed by the QFMA, a regulatory body.</p>\r\n<p><strong>&nbsp;</strong></p>\r\n<p>&nbsp;</p>\r\n<ol start=\"3\">\r\n<li><strong>Cash Flow Control</strong></li>\r\n</ol>\r\n<p>Every entrepreneur must be able to predict the start-up costs and cash flow requirements in this time of economic uncertainty. The majority of the time, upfront payments is necessary to support the start-up&rsquo;s business. You should keep track of all transactions involving the cash flow as an entrepreneur running a start-up. If this is not your string suit, ask who do it!&nbsp;<a href=\"https://ihpca.com/\"><strong>Tax consultant in Qatar</strong></a>&nbsp;is available to ease your burden.</p>\r\n<p>In essence, you need to be aware of where the money is coming from and going. Try to keep a budget that accounts for all costs, including those for office space, employee salaries, manufacturing, logistics, marketing, partner channels, and supplier relations, among other things. Hire top&nbsp;<a href=\"https://ihpca.com/\"><strong>best audit firms in Qatar</strong></a>&nbsp;if accounting is your area of weakness.</p>\r\n<p>&nbsp;</p>\r\n<ol start=\"4\">\r\n<li><strong>Maintain a strong compliance.</strong></li>\r\n</ol>\r\n<p>One of the four pillars of the Qatar National Vision 2030 is the &ldquo;development of a competitive and diverse economy, capable of meeting the needs of&hellip;its entire people.&rdquo; Due to the international media&rsquo;s intense focus on Qatar as a result of the numerous sporting events taking place there, labour and wage laws reforms have received a lot of attention.</p>\r\n<p>For businesses, 2023 is a crucial year for tax and regulatory compliance. This year, there will be new amendments, and according to recent news, Qatar will soon implement or have done so far. Such as the VAT&rsquo;s the tax rate is 5%.</p>\r\n<p>Some updates to look out for</p>\r\n<ol>\r\n<li>Foreign Ownership of banks and businesses</li>\r\n<li>Fintech</li>\r\n<li>Movable Assets Security Law</li>\r\n<li>Establishment of the Investment and Commerce Court</li>\r\n<li>Payment Services Regulations</li>\r\n</ol>\r\n<p>&nbsp;</p>\r\n<ol start=\"5\">\r\n<li><strong>Cutting back on fixed costs</strong></li>\r\n</ol>\r\n<p>You should set out on your path to success right away. To accomplish this, you must minimise and limit initial costs in order to sustain the start-up over time. Reduce wasteful spending and run a lean operation to become financially independent. Additionally, rather than initially spending money on expensive items, develop strategies to bring in money. You can get advice from<a href=\"https://ihpca.com/\">&nbsp;<strong>Best Chartered Accountant Firms in Qatar&nbsp;</strong></a>on how to cut back on fixed costs.</p>\r\n<div class=\"post_meta post_meta_single\">&nbsp;</div>"}}, {"model": "web.team", "pk": 1, "fields": {"name": "ISLAM HENDAWY MOHAMED HENDAWY", "position": "Managing Partner", "image": "team-images/img_1_U5MiDyy.png", "order": 1}}, {"model": "web.team", "pk": 2, "fields": {"name": "MOHAMED FATHY SAAD NASR ABOUHAMMOS", "position": "Managing Partner", "image": "team-images/img_3_1wvxNlC.png", "order": 2}}, {"model": "web.team", "pk": 3, "fields": {"name": "ABDUL KHADER", "position": "Managing Partner", "image": "team-images/img_2.png", "order": 3}}, {"model": "web.team", "pk": 4, "fields": {"name": "ABDUL KHLIQUE", "position": "Audit manager", "image": "team-images/img_4.png", "order": 4}}, {"model": "web.team", "pk": 5, "fields": {"name": "KAMARUL ISLAM", "position": "Associate / DC", "image": "team-images/img_5_Hp098Bp.png", "order": 7}}, {"model": "web.team", "pk": 6, "fields": {"name": "MUHAMMED SHAFI", "position": "Auditor/Accountant", "image": "team-images/WhatsApp_Image_2024-04-17_at_5.51.18_PM.jpeg", "order": 8}}, {"model": "web.team", "pk": 7, "fields": {"name": "MUHAMMED DARVEESH", "position": "Senior Auditor", "image": "team-images/img_1.png", "order": 5}}, {"model": "web.team", "pk": 8, "fields": {"name": "MALIK", "position": "Audit manager", "image": "team-images/img_3.png", "order": 6}}, {"model": "web.team", "pk": 9, "fields": {"name": "MOHAMED JAWFER", "position": "Audit manager", "image": "team-images/img_6.png", "order": 4}}, {"model": "web.testimonials", "pk": 1, "fields": {"name": "Sarah Ahmed", "image": "testimonial-images/i_20.webp", "description": "Islam Hendawy Mohamed and Partners Chartered Accountants provided impeccable service, guiding us through complex financial matters with precision and expertise. They are truly the best in Qatar."}}, {"model": "web.testimonials", "pk": 2, "fields": {"name": "Ahmed Hassan", "image": "testimonial-images/account-avatar-profile-user.png", "description": "Choosing Islam Hendawy Mohamed and Partners Chartered Accountants was one of the best decisions for our business. Their professionalism and proficiency in auditing and tax consultancy are unparalleled in the region.\""}}, {"model": "web.testimonials", "pk": 3, "fields": {"name": "Fatima Khalid", "image": "testimonial-images/png-transparent-icon-user-avatar-profile-person-symbol.png", "description": "Working with Islam Hendawy Mohamed and Partners Chartered Accountants has been a game-changer for our company. Their adeptness in business consulting and litigation consultancy has helped us overcome obstacles and achieve our financial goals."}}, {"model": "web.testimonials", "pk": 4, "fields": {"name": "Abdullah Al-Mansoori", "image": "testimonial-images/i_21.webp", "description": "Islam Hendawy Mohamed and Partners Chartered Accountants are the epitome of excellence in the realm of financial services. Their adeptness in assurance and fundi-ng solutions has added immense value to our operations in the Middle East. Highly recommended!"}}, {"model": "web.contact", "pk": 1, "fields": {"name": "Natalie Roberts", "timestamp": "2024-04-06T10:34:23.088Z", "email": "nycyhufok@mailinator.com", "phone": "40", "subject": "Assumenda recusandae Beatae ad recusandae Dolorem rerum quis dignissimos consequatur cillum illo atque tenetur eiusmod", "message": "Fugit et unde et ne"}}, {"model": "web.contact", "pk": 2, "fields": {"name": "Megan Atkinson", "timestamp": "2024-04-17T22:09:12.898Z", "email": "meganatkinson149@gmail.com", "phone": "4660405", "subject": "Instagram Promotion: Grow your followers by 300-1000 each month", "message": "Hi there,\r\n\r\nWe run an Instagram growth service, which increases your number of followers both safely and practically. \r\n\r\n- We guarantee to gain you 300-1000+ followers per month.\r\n- People follow you because they are interested in you, increasing likes, comments and interaction.\r\n- All actions are made manually by our team. We do not use any 'bots'.\r\n\r\nThe price is just $60 (USD) per month, and we can start immediately.\r\n\r\nIf you'd like to see some of our previous work, let me know, and we can discuss it further.\r\n\r\nKind Regards,\r\nMegan\r\n\r\nUnsubscribe here: https://removeme.click/unsubscribe.php?d=ihpca.com"}}, {"model": "web.contact", "pk": 3, "fields": {"name": "Eu Business Registry", "timestamp": "2024-04-17T23:02:02.392Z", "email": "contact@ebrmail.info", "phone": "64", "subject": "Update your details for ihpca.com for 2024!", "message": "Hello,\r\n\r\nPlease update your company details for the Eu Business Registry for 2024!\r\n\r\nTo check your details now, please visit  https://www.ebrupdate.com/\r\n\r\nUpdating is free of charge!\r\n\r\nPlease return the completed form to: contact@infoebr.com\r\n\r\nRegards,\r\n\r\nEu Business Register - Data Accuracy Division"}}, {"model": "web.contact", "pk": 4, "fields": {"name": "Theresa Smith", "timestamp": "2024-04-18T02:41:41.663Z", "email": "funderburg.phyllis@gmail.com", "phone": "892965609", "subject": "Quick question", "message": "Hello,\r\n\r\nDo you sometimes find yourself in a tug of war between work and fitness? We have the perfect solution for you - Elebands! \r\n\r\nElebands offers ultra-thin, fashionable all day wearable body weight bands that seamlessly integrate into your daily routine. Burn up to 1,500 calories a day by simply wearing our bands on your wrist, ankle, and waist while you go about your normal day.\r\n\r\nThe best part is we have full body weight sets ranging from 3 lbs  30 lbs to ensure optimal results no matter what your fitness goals are. \r\n\r\nPlus! We have bands for sports, casual, and formal occasions that you can wear with any outfit, ensuring you stay stylish while achieving your fitness goals.\r\n\r\nWith Elebands, you no longer have to choose between work and exercise. Our body weight bands enable you to lose weight and get fit regardless of your location or activity. Enjoy these instant benefits:\r\n\r\n1. Burn Calories: Effortlessly burn up to 1,500 calories daily, toning your body as you go about your day.\r\n\r\n2. Natural Weight Loss: Say goodbye to intense workouts and stressful diets. Elebands helps you lose weight naturally.\r\n\r\n3. Build Strength: Develop lean muscles and enhance your strength as you carry out your regular activities.\r\n\r\nImagine achieving your dream body without stepping foot in a gym or following a strict diet plan. With Elebands, it's possible.\r\n\r\nMany of our clients are losing 2-3 pounds per week while experiencing significant health improvements. To get started visit our website now at https://bit.ly/elebands-news and embrace the Elebands experience.\r\n\r\nLet Elebands be your partner in achieving a fit and healthy lifestyle. Start your transformation today!\r\n\r\nWarm regards,\r\n\r\nTheresa Smith\r\nBrand Ambassador\r\nElebands USA\r\n\r\nVisit our website NOW!   https://bit.ly/elebands-news"}}, {"model": "web.contact", "pk": 5, "fields": {"name": "Mike Vance", "timestamp": "2024-04-18T06:07:57.207Z", "email": "mikechaply@gmail.com", "phone": "86645678435", "subject": "Collaboration request", "message": "Hi there, \r\n \r\nMy name is Mike from Monkey Digital, \r\n \r\nAllow me to present to you a lifetime revenue opportunity of 35% \r\nThat's right, you can earn 35% of every order made by your affiliate for life. \r\n \r\nSimply register with us, generate your affiliate links, and incorporate them on your website, and you are done. It takes only 5 minutes to set up everything, and the payouts are sent each month. \r\n \r\nClick here to enroll with us today: \r\nhttps://www.monkeydigital.org/affiliate-dashboard/ \r\n \r\nThink about it, \r\nEvery website owner requires the use of search engine optimization (SEO) for their website. This endeavor holds significant potential for both parties involved. \r\n \r\nThanks and regards \r\nMike Vance\r\n \r\nMonkey Digital"}}, {"model": "web.contact", "pk": 6, "fields": {"name": "ryukzak_ddOl", "timestamp": "2024-04-19T01:48:47.450Z", "email": "bsm@1xbet-app-download-free.com", "phone": "85526117482", "subject": " ", "message": "   \r\n   \r\n  <a href=https://ryukzakivijskovibpjgl.kiev.ua/> </a> ."}}, {"model": "web.contact", "pk": 7, "fields": {"name": "ryukzak_czOl", "timestamp": "2024-04-19T01:56:15.126Z", "email": "bsm@1xbet-app-download-free.com", "phone": "88164288583", "subject": " ", "message": "    \r\n    \r\n  <a href=https://ryukzakivijskovibpjgl.kiev.ua/>https://ryukzakivijskovibpjgl.kiev.ua/</a> ."}}, {"model": "web.contact", "pk": 8, "fields": {"name": "zakaz-kuhni-cena-CalvinObere", "timestamp": "2024-04-19T08:38:17.874Z", "email": "brovi-master-kirov@brovi-master-permanent.store", "phone": "87549692476", "subject": "Thank", "message": "    \r\n<a href=https://zamena-lichinok.ru/>https://zamena-lichinok.ru/</a>"}}, {"model": "web.contact", "pk": 9, "fields": {"name": "Mike Gilson", "timestamp": "2024-04-19T09:18:08.705Z", "email": "mikevorappy@gmail.com", "phone": "89444599788", "subject": "NEW: Semrush Backlinks", "message": "Hello \r\n \r\nThis is Mike Gilson\r\n \r\nLet me present you our latest research results from our constant SEO feedbacks that we have from our plans: \r\n \r\nhttps://www.strictlydigital.net/product/semrush-backlinks/ \r\n \r\nThe new Semrush Backlinks, which will make your ihpca.com SEO trend have an immediate push. \r\nThe method is actually very simple, we are building links from domains that have a high number of keywords ranking for them. \r\n \r\nForget about the SEO metrics or any other factors that so many tools try to teach you that is good. The most valuable link is the one that comes from a website that has a healthy trend and lots of ranking keywords. \r\nWe thought about that, so we have built this plan for you \r\n \r\nCheck in detail here: \r\nhttps://www.strictlydigital.net/product/semrush-backlinks/ \r\n \r\nCheap and effective \r\n \r\nTry it anytime soon \r\n \r\nRegards \r\nMike Gilson\r\n \r\nmike@strictlydigital.net"}}, {"model": "web.contact", "pk": 10, "fields": {"name": "RobertFleta", "timestamp": "2024-04-21T15:08:01.400Z", "email": "lucido.leinteract@gmail.com", "phone": "84979328628", "subject": "Hallo,   write about your   price for reseller", "message": "Ciao, volevo sapere il tuo prezzo."}}, {"model": "web.contact", "pk": 11, "fields": {"name": "RobertFleta", "timestamp": "2024-04-21T15:29:04.461Z", "email": "lucido.leinteract@gmail.com", "phone": "83673112126", "subject": "Aloha, i writing about your the price", "message": " ,      ."}}, {"model": "web.contact", "pk": 12, "fields": {"name": "Jeff Kaufmann", "timestamp": "2024-04-22T02:34:44.381Z", "email": "jeff.kaufmann45@hotmail.com", "phone": "3724006930", "subject": "Create & Sell Real Android & iOS Mobile Apps (Zero Coding Required)", "message": "Hi,\r\n\r\nI've just visited ihpca.com and know a strong mobile presence can boost user engagement. Have you ever considered turning your website into a mobile app?\r\n\r\nOur software allows you to also create a mobile app from your ideas, keywords, blogs, pages & ecommerce store.\r\n\r\n1. Effortless Conversion: Transform existing websites into native Android and iOS apps.\r\n2. Create Powerful Mobile Apps for Any Niche: Leverage AI and built-in templates to design stunning apps for personal or business needs.\r\n3. Built-in Monetization: Monetize your app directly with built-in features.\r\n4. Seamless Publishing: Publish your app on Google Play and Apple Store in minutes.\r\n5. Lifetime Access: Benefit from a one-time purchase with no recurring fees.\r\n\r\nLearn more here: https://furtherinfo.org/mob\r\n\r\nRegards,\r\nJeff"}}, {"model": "web.contact", "pk": 13, "fields": {"name": "MasonFleta", "timestamp": "2024-04-22T14:54:35.184Z", "email": "kaenquirynicholls@gmail.com", "phone": "86995748983", "subject": "Hi, i am wrote about your   prices", "message": "Dia duit, theastaigh uaim do phraghas a fhil."}}, {"model": "web.contact", "pk": 14, "fields": {"name": "Georgina Haynes", "timestamp": "2024-04-23T19:52:26.340Z", "email": "georginahaynes620@gmail.com", "phone": "51911102", "subject": "Explainer Video for your website", "message": "Hi,\r\n\r\nI just visited ihpca.com and wondered if you'd ever thought about having an engaging video to explain what you do?\r\n\r\nI can show you some previous videos we've done if you want me to send some over. Let me know if you're interested in seeing samples of our previous work.\r\n\r\nRegards,\r\nGeorgina\r\n\r\nUnsubscribe: https://removeme.click/ev/unsubscribe.php?d=ihpca.com"}}, {"model": "web.contact", "pk": 15, "fields": {"name": "3d_fxPr", "timestamp": "2024-04-24T07:09:36.899Z", "email": "mislivoder1978@raiz-pr.com", "phone": "81985294295", "subject": "3   ", "message": " 3D      \r\n3    <a href=http://www.lastyu-bigpech.ru>http://www.lastyu-bigpech.ru</a> ."}}, {"model": "web.contact", "pk": 16, "fields": {"name": "Scott M.", "timestamp": "2024-04-24T10:26:08.658Z", "email": "pat@aneesho.com", "phone": "8102440753", "subject": "Design Work", "message": "Just wanted to ask if you would be interested in getting external help with graphic design? We do all design work like \r\nbanners, advertisements, brochures, logos, flyers, etc. for a fixed monthly fee. \r\n\r\nWe don't charge for each task. What kind of work do you need on a regular basis? Let me know and I'll share my portfolio \r\nwith you."}}, {"model": "web.contact", "pk": 17, "fields": {"name": "Max Lammertink", "timestamp": "2024-04-24T15:48:04.385Z", "email": "max@talosgrowth.nl", "phone": "7154744089", "subject": "Your LinkedIn company page", "message": "Hey!\r\n\r\nComing across your LinkedIn company page on linkedin.com/company/islam-hendawy-mohamed-and-partners-chartered-accountants I was surprised about how good your content is and why you don't have more followers on the page. Your page should at least grow with 250 - 500 followers per month right? If not, you might currently not be reaching the right audience.\r\n\r\nWith Talos Growth we grow your company page on LinkedIn by liking posts from other companies and individuals that are interested in your business on behalf of your company page.\r\n\r\nThis way, you're generating exposure and genuine followers, who are interested in your business. Of course, you define the keywords, location, and other parameters yourself.\r\n\r\nFollowers eventually turn into customers, clients, or even employees. \r\n\r\nWould you like to use our two-week free trial to experience Talos Growth? You can directly signup at https://talosgrowth.com. Since I really see some potential for your page, you can use your personal code islam-hendawy-mohamed-and-partners-chartered-accountants-10 to get a 10% discount for the first 3 months. \r\n\r\nThank you, and please let me know if youve questions or check out https://talosgrowth.com.\r\n\r\nMax"}}, {"model": "web.contact", "pk": 18, "fields": {"name": "Mike Carey", "timestamp": "2024-04-25T21:34:29.034Z", "email": "mikeCuspepttug@gmail.com", "phone": "83396413262", "subject": "Domain Authority of your ihpca.com", "message": "Hi there, \r\n \r\nI have reviewed your domain in MOZ and have observed that you may benefit from an increase in authority. \r\n \r\nOur solution guarantees you a high-quality domain authority score within a period of three months. This will increase your organic visibility and strengthen your website authority, thus making it stronger against Google updates. \r\n \r\nCheck out our deals for more details. \r\nhttps://www.monkeydigital.co/domain-authority-plan/ \r\n \r\nNEW: Ahrefs Domain Rating \r\nhttps://www.monkeydigital.co/ahrefs-seo/ \r\n \r\n \r\nThanks and regards \r\nMike Carey"}}, {"model": "web.contact", "pk": 19, "fields": {"name": "LeslieHag", "timestamp": "2024-04-26T07:33:20.957Z", "email": "mikhaileliffkt@mail.ru", "phone": "81526185467", "subject": "    ", "message": "     \r\n \r\n  ,      ; \r\n \r\nSource: \r\n \r\n- http://alcoclub7.ru/vodka-finlyandiya-klyukva-0-7l"}}, {"model": "web.contact", "pk": 20, "fields": {"name": "vo_ntorg_qgPn", "timestamp": "2024-04-26T08:32:49.937Z", "email": "bsn@1xbet-app-download-free.com", "phone": "83739998217", "subject": "", "message": " \r\n4.        \r\n  20  <a href=https://voentorgklyp.kiev.ua/ryukzaky-sumky/taktychni-ryukzaky/>https://voentorgklyp.kiev.ua/ryukzaky-sumky/taktychni-ryukzaky/</a> ."}}, {"model": "web.contact", "pk": 21, "fields": {"name": "vo_ntorg_auPn", "timestamp": "2024-04-26T08:41:47.622Z", "email": "bsn@1xbet-app-download-free.com", "phone": "86974831676", "subject": "", "message": " \r\n14.       \r\n   <a href=https://voentorgklyp.kiev.ua/odyag/rukavychky/>https://voentorgklyp.kiev.ua/odyag/rukavychky/</a> ."}}, {"model": "web.contact", "pk": 22, "fields": {"name": "Micheal S", "timestamp": "2024-04-26T09:11:29.981Z", "email": "micheal188996@gmail.com", "phone": "3413560458", "subject": "Quick question !!", "message": "Hello,\r\nI hope this email finds you well. I'm reaching out to introduce you to Tomba.pro, a leading SaaS platform designed to revolutionize your lead generation process. With Tomba, you can effortlessly find and verify email addresses, ensuring you connect with your targets effectively.\r\n\r\nWhy choose Tomba? Our platform guarantees accuracy and efficiency, saving you time and boosting your outreach success. We're confident that Tomba will be a valuable asset to your sales and marketing efforts.\r\n\r\nLet's take your lead generation to the next level.\r\n\r\nBest regards,\r\n\r\n\r\n\r\nRegards,\r\nMichea S"}}, {"model": "web.contact", "pk": 23, "fields": {"name": "natyazhn__biKt", "timestamp": "2024-04-26T16:21:15.833Z", "email": "bso@1xbet-app-download-free.com", "phone": "82982949652", "subject": " ", "message": "1.   :   ? \r\n2. -5      ' \r\n3.     :   \r\n4.  :     \r\n5.       ? \r\n6.      :   \r\n7.   :    \r\n8.     :  ? \r\n9.     :    \r\n10.     :    \r\n11.     :   \r\n12.      :   \r\n13.    :     ' \r\n14.   :    ? \r\n15.    :     \r\n16.   :     ? \r\n17.    :     \r\n18.     :  ? \r\n19.   :      \r\n20.    :      !  \r\n \r\n  <a href=https://natyazhnistelidfvf.kiev.ua/>https://natyazhnistelidfvf.kiev.ua/</a> ."}}, {"model": "web.contact", "pk": 24, "fields": {"name": "natyazhn__lgKt", "timestamp": "2024-04-26T16:30:26.879Z", "email": "bso@1xbet-app-download-free.com", "phone": "85327248562", "subject": " ", "message": "1.   :   ? \r\n2. -5      ' \r\n3.     :   \r\n4.  :     \r\n5.       ? \r\n6.      :   \r\n7.   :    \r\n8.     :  ? \r\n9.     :    \r\n10.     :    \r\n11.     :   \r\n12.      :   \r\n13.    :     ' \r\n14.   :    ? \r\n15.    :     \r\n16.   :     ? \r\n17.    :     \r\n18.     :  ? \r\n19.   :      \r\n20.    :      !  \r\n \r\n     <a href=https://natyazhnistelidfvf.kiev.ua/>https://natyazhnistelidfvf.kiev.ua/</a> ."}}, {"model": "web.contact", "pk": 25, "fields": {"name": "Kareem Whitton", "timestamp": "2024-04-27T01:27:10.594Z", "email": "whitton.kareem@googlemail.com", "phone": "4800277", "subject": "Effortless Videos for Your Business", "message": "Hi,\r\n\r\nAre you tired of video creation headaches?\r\n\r\nOur AI tool turns ideas into engaging videos in minutes. No editing hassles, just describe your concept and watch it come to life.\r\n\r\n- Free to Start: Get started with our free plan.\r\n- Speak Your Language: Create and translate videos in 30+ languages.\r\n- AI Voice Cloning: Save time with AI-powered voiceovers.\r\n\r\nLearn more and try it FREE: https://furtherinfo.org/ud6s\r\n\r\nRegards,\r\nKareem"}}, {"model": "web.contact", "pk": 26, "fields": {"name": "Mike Hodges", "timestamp": "2024-04-27T08:35:19.301Z", "email": "mikeImmussyFusAffink@gmail.com", "phone": "87142933863", "subject": "Increase sales for your local business", "message": "This service is perfect for boosting your local business' visibility on the map in a specific location. \r\n \r\nWe provide Google Maps listing management, optimization, and promotion services that cover everything needed to rank in the Google 3-Pack. \r\n \r\nMore info: \r\nhttps://www.speed-seo.net/ranking-in-the-maps-means-sales/ \r\n \r\n \r\nThanks and Regards \r\nMike Hodges\r\n \r\n \r\nPS: Want a ONE-TIME comprehensive local plan that covers everything? \r\nhttps://www.speed-seo.net/product/local-seo-bundle/"}}, {"model": "web.contact", "pk": 27, "fields": {"name": "LindaKed", "timestamp": "2024-04-28T16:53:34.930Z", "email": "calebwhitehurst@hotmail.com", "phone": "81127118195", "subject": "Join the Accsmarket.net Revolution: Sales Collaborations", "message": "Join https://accsmarket.net as a partner and gain access to an extensive selection of verified accounts tailored to diverse digital platforms. Collaborate with us to expand your business horizons and tap into the lucrative market of account acquisition. With our reliable platform and dedicated support, partnering with https://accsmarket.net ensures mutual success and growth in the ever-evolving digital landscape. \r\n \r\nClick links : https://AccsMarket.net"}}, {"model": "web.contact", "pk": 28, "fields": {"name": "Tricia Quintana", "timestamp": "2024-04-29T22:09:21.886Z", "email": "quintana.tricia@hotmail.com", "phone": "487859595", "subject": "Unleash Your Creativity: Effortlessly Create Engaging Videos with AI", "message": "Hi,\r\n\r\nAre you tired of video creation headaches?\r\n\r\nOur AI tool turns ideas into engaging videos in minutes. No editing hassles, just describe your concept and watch it come to life.\r\n\r\n- Free to Start: Get started with our free plan.\r\n- Speak Your Language: Create and translate videos in 30+ languages.\r\n- AI Voice Cloning: Save time with AI-powered voiceovers.\r\n\r\nLearn more and try it FREE: https://furtherinfo.org/ud6s\r\n\r\nRegards,\r\nTricia"}}, {"model": "web.contact", "pk": 29, "fields": {"name": "GREENING UGANDA", "timestamp": "2024-04-30T09:32:17.947Z", "email": "greening.ugandacs@gmail.com", "phone": "83585335795", "subject": "Commercial Hass Avocado Export Farming Investment Opportunities In Uganda", "message": "Hass avocado Export farming is worth everybody's investment who thinks \r\nfarming as a business regardless of how much your job pays you since it's \r\nless risky, very low cost input, low maintenance and ready available \r\nmarket worldwide (Global Avocado Market size was valued at USD 16.69 \r\nbillion in 2022 and is poised to grow from USD 18.33 billion in 2023 to \r\nUSD 38.71 billion by 2031, growing at a CAGR of 9.80%). Any investment \r\nin Hass Avocado Growing automatically becomes your \r\nPension. 13,570 ACRES of Hass Avocado Planted in 6 years, for details \r\nfollow https://greeninguganda.com/Products/Hass_Ovaccado_Cba OR \r\nour facebook page \r\nhttps://www.facebook.com/media/set/?set=a.1457100674456118&type=3 \r\nAND \r\nhttps://www.facebook.com/media/set/?set=a.720120324820827&type=3 \r\nOR email us at cs@greening.green OR Call/text/Whatsapp +256-776- \r\n200002 \r\nFollow us on twitter.com/greeninguganda \r\nFollow & like us on facebook \r\nhttps://www.facebook.com/greeningugandaforestryservices"}}, {"model": "web.contact", "pk": 30, "fields": {"name": "LeslieHag", "timestamp": "2024-04-30T20:22:33.187Z", "email": "mikhaileliffkt@mail.ru", "phone": "87542438364", "subject": "  ", "message": "   \r\n \r\n    ,      ,        .        ,          ,     .              ,       ,  Blacksprut         . \r\n \r\nSource: \r\n \r\n<a href=http://krakenonion2torgfjise.ug/>  </a>"}}, {"model": "web.contact", "pk": 31, "fields": {"name": "Robertked", "timestamp": "2024-05-01T00:26:38.319Z", "email": "maski8Tut@mail.com", "phone": "89969371424", "subject": "We invite you to a private crypto exchange", "message": "Good afternoon! We give you a promo code - ZBXM777 \r\nActivate it in your personal account after registering on www.cexasia.pro \r\nAnd you will receive up to 1000USDT on your deposit. Happy trading!"}}, {"model": "web.contact", "pk": 32, "fields": {"name": "grainloader", "timestamp": "2024-05-01T16:07:36.797Z", "email": "info@grainloader.vn.ua", "phone": "88622749727", "subject": "www.grainloader.vn.ua", "message": "<a href=https://www.grainloader.vn.ua>http://grainloader.vn.ua</a>\r\n \r\nGold Hobbyist Furnishings stores a assortment of quality grain loaders befitting repayment for jobs of all shapes and sizes. \r\n<a href=https://www.grainloader.vn.ua>http://grainloader.vn.ua</a>"}}, {"model": "web.contact", "pk": 33, "fields": {"name": "grainloader", "timestamp": "2024-05-01T16:18:06.814Z", "email": "info@grainloader.vn.ua", "phone": "89492532448", "subject": "https://grainloader.vn.ua", "message": "<a href=https://www.grainloader.vn.ua>http://grainloader.vn.ua</a>\r\n \r\nGold Bug Equipment stores a assortment of quality grain loaders befitting for jobs of all shapes and sizes. \r\n<a href=http://www.grainloader.vn.ua>https://grainloader.vn.ua</a>"}}, {"model": "web.contact", "pk": 34, "fields": {"name": "MasonFleta", "timestamp": "2024-05-01T22:10:59.293Z", "email": "kaenquirynicholls@gmail.com", "phone": "83562924627", "subject": "Aloha  i am wrote about     prices", "message": "Hi, I wanted to know your price."}}, {"model": "web.contact", "pk": 35, "fields": {"name": "Mike Brown", "timestamp": "2024-05-02T21:21:43.925Z", "email": "peterspoorappy@gmail.com", "phone": "87355853352", "subject": "Increase sales for your local business", "message": "Hi there \r\n \r\nAre you tired of spending money on advertising that doesnt work? \r\nWe have the right strategy for you, to meet the right audience within your City boundaries. \r\n \r\nB2B Local City Marketing that works: \r\nhttps://www.onlinelocalmarketing.org/product/local-research-advertising/ \r\n \r\nWith our innovative marketing approach, you will receive calls, leads, and website interactions within a week. \r\n \r\nRegards \r\nMike Brown\r\n https://www.onlinelocalmarketing.org"}}, {"model": "web.contact", "pk": 36, "fields": {"name": "Theresa Smith", "timestamp": "2024-05-03T16:22:41.605Z", "email": "dell.cady@gmail.com", "phone": "3817213140", "subject": "Quick question", "message": "Hello,\r\n\r\nI wanted to ask if you ever struggled with the choice of working out OR putting in more time at the office. Well, we have the perfect solution for you - EleBands!  \r\n \r\nEleBands offers ultra-thin, fashionable all day wearable body weight bands that seamlessly integrate into your daily routine. Burn up to 1,500 calories a day by simply wearing our bands on your wrist, ankle, and waist while you go about your normal day. \r\n \r\nThe best part is we have full body weight sets ranging from 3lbs  30lbs to ensure optimal results no matter what your fitness goals are.  \r\n \r\nELEVATE YOUR FITNESS NOW: \r\n \r\n- No Gym \r\n- No Diet\r\n- No Excercise \r\n- Nothing To Take... \r\n \r\nJUST GO ABOUT YOUR DAY AND, \r\n \r\n- Get Toned \r\n- Burn Calories \r\n- Lose Weight Effortlesly \r\n \r\nYou have to see our bands, there is nothing else like them on the planet. Take a look NOW! https://bit.ly/elebands-news\r\n \r\nPlus! We have bands for sports, casual, and formal occasions that you can wear with any outfit, ensuring you stay stylish while achieving your fitness goals. \r\n \r\nMany of our clients are losing 2-3 pounds per week while experiencing significant health improvements.  \r\n \r\nCheck out our stylish and powerful bands now: https://bit.ly/elebands-news\r\n\r\nTheresa Smith\r\nBrand Ambassador\r\nElebands USA\r\n\r\nP.S. Many people choose to sacrifice their health to build their career or make more money, with EleBands you can handle your health and your career at the same time. This is a game changer you must see now, check us out: https://bit.ly/elebands-news"}}, {"model": "web.contact", "pk": 37, "fields": {"name": "Mike Russel", "timestamp": "2024-05-03T19:20:08.127Z", "email": "miketupe@gmail.com", "phone": "81225371723", "subject": "FREE fast ranks for ihpca.com", "message": "Hi there \r\n \r\nJust checked your ihpca.com baclink profile, I noticed a moderate percentage of toxic links pointing to your website \r\n \r\nWe will investigate each link for its toxicity and perform a professional clean up for you free of charge. \r\n \r\nStart recovering your ranks today: \r\nhttps://www.hilkom-digital.de/professional-linksprofile-clean-up-service/ \r\n \r\nRegards \r\nMike Russel\r\nHilkom Digital SEO Experts \r\nhttps://www.hilkom-digital.de/"}}, {"model": "web.contact", "pk": 38, "fields": {"name": "Scott M.", "timestamp": "2024-05-04T09:15:07.218Z", "email": "pat@aneesho.com", "phone": "8102440753", "subject": "Design Work", "message": "Just wanted to ask if you would be interested in getting external help with graphic design? We do all design work like \r\nbanners, advertisements, brochures, logos, flyers, etc. for a fixed monthly fee. \r\n\r\nWe don't charge for each task. What kind of work do you need on a regular basis? Let me know and I'll share my portfolio \r\nwith you."}}, {"model": "web.contact", "pk": 39, "fields": {"name": "Lettie Mcnulty", "timestamp": "2024-05-04T12:33:31.236Z", "email": "mcnulty.lettie@googlemail.com", "phone": "1270479110", "subject": " Forge Your Brand's Identity with Captivating Logos and Branding! ", "message": " Forge Your Brand's Identity with Captivating Logos and Branding! \r\n\r\nYour brand's identity is more than just a logo - it's the essence of who you are and what you stand for. \r\nLet us help you craft a visual identity that resonates with your audience and sets you apart from the competition.\r\n\r\nWhy choose us for your logo and brand identity needs?\r\n\r\n Tailored Solutions: We understand that every brand is unique, which is why we take a personalized approach to every project. \r\nWhether you're a start-up looking to make a splash or an established business in need of a refresh, \r\nwe'll work with you to create a custom solution that perfectly captures your brand's personality.\r\n\r\n Strategic Design: Our team of expert designers doesn't just create logos - we craft strategic brand identities that communicate your values \r\nand connect with your target audience on a deeper level. \r\nFrom color psychology to typography choices, every element is carefully chosen to reinforce your brand message.\r\n\r\n Versatility: A great logo should be versatile enough to work across a variety of platforms and mediums. \r\nWhether it's on a website, a business card, or a billboard, we'll ensure that your logo looks great wherever it's displayed, \r\nmaintaining consistency and brand recognition.\r\n\r\n Long-Term Support: Building a strong brand takes time, and we're here to support you every step of the way. \r\nFrom initial concept to ongoing brand management, \r\nwe'll be by your side, helping you navigate the ever-changing landscape of branding and design.\r\n\r\nReady to make your mark with a stunning logo and brand identity? \r\nLet's work together to bring your vision to life and create a brand that stands the test of time. \r\n\r\nFollow this Secure link @ https://bit.ly/4dhzZpM\r\n\r\n#BrandIdentity#LogoDesign#GraphicDesign#VisualIdentity#BrandingSolutions#CreativeDesign#BrandStrategy"}}, {"model": "web.contact", "pk": 40, "fields": {"name": "Bobbytar", "timestamp": "2024-05-04T15:07:47.697Z", "email": "sfdsdfsdfd@gmail.com", "phone": "87826342885", "subject": "new scientific political system", "message": "Hello! Company Political Science a completely new scientific political system, which has never been seen before in the history of mankind. The document contains 10 pages of detailed description. You can buy this sex-free document for 950$, payment bitcoin. To obtain and pay for it, go to the proxy-tunneled self-hosted site, click Visit Site, register without using personal data, make payment and download the document. Thank you in advance. \r\n \r\nSelf-hosted website:  https://virbvpm.localto.net/ \r\nIf pages don't load - refresh."}}, {"model": "web.contact", "pk": 41, "fields": {"name": "Kourtney Kasper", "timestamp": "2024-05-04T22:37:52.801Z", "email": "kasper.kourtney@gmail.com", "phone": "694785575", "subject": "Unleash your inner author with AI: Create eBooks in seconds!", "message": "Hi there,\r\n\r\nI've just been on ihpca.com and wondered if you'd ever considered writing an eBook?\r\n\r\nOur software allows you to turn ihpca.com into a fully designed eBook. Just provide the content source, and the AI will do the rest.\r\n   \r\n1. Generate unique and human-like content, ensuring your eBook is engaging and informative.\r\n2. Create stunning 3D eCovers to grab attention and make your book stand out.\r\n3. Publish your eBook instantly on a built-in marketplace with potential buyers.\r\n4. Distribute your book to over 50 publications to increase your reach and drive traffic.\r\n\r\nThe price is just $16.95 but the price rises shortly.\r\n\r\nLearn more: https://furtherinfo.org/v2n0\r\n\r\nRegards,\r\nKourtney\r\n\r\nUnsubscribe: https://removeme.click/wp/unsubscribe.php?d=ihpca.com"}}, {"model": "web.contact", "pk": 42, "fields": {"name": "Vin", "timestamp": "2024-05-08T07:39:59.607Z", "email": "hireresource009@outlook.com", "phone": "567197951", "subject": "Website Development", "message": "Hey, This is Vin. I am a Website developer and designer specializing in WordPress, html, php, css ,js, Informative websites,E-Commerce stores. If you need any assistance in creating a new page, new design, developing new functionality, changing any existing functionality, monthly maintenance, any theme related work or uploading content, then let's have a video call. \r\n\r\nI will show you the websites that I have developed. The best part is that I charge just $15/hr to $40/hr depending complexity of work.  \r\n\r\nFeel free to send me an email at hireresource009@outlook.com to discussitfurther."}}, {"model": "web.contact", "pk": 43, "fields": {"name": "JeffreyAsset", "timestamp": "2024-05-09T02:55:53.189Z", "email": "bkxytjookEl@poochta.com", "phone": "85719494979", "subject": " ", "message": "   :     \r\n     <a href=https://aknee.store/>https://aknee.store/</a> ."}}, {"model": "web.contact", "pk": 44, "fields": {"name": "plumber_uxOl", "timestamp": "2024-05-09T08:10:43.468Z", "email": "hggertyop@morozfs.store", "phone": "89521527771", "subject": "plumber san jose", "message": "plumbing services san jose <a href=http://www.plumbersan-joseca4.com>http://www.plumbersan-joseca4.com</a> ."}}, {"model": "web.contact", "pk": 45, "fields": {"name": "Mike Nevill", "timestamp": "2024-05-10T09:10:09.837Z", "email": "peterspoorappy@gmail.com", "phone": "82762298375", "subject": "Whitehat SEO for ihpca.com", "message": "Greetings \r\n \r\nI have just took a look on your SEO for  ihpca.com for its SEO metrics and saw that your website could use a push. \r\n \r\nWe will increase your ranks organically and safely, using only state of the art AI and whitehat methods, while providing monthly reports and outstanding support. \r\n \r\nMore info: \r\nhttps://www.digital-x-press.com/unbeatable-seo/ \r\n \r\n \r\nRegards \r\nMike Nevill\r\n \r\nDigital X SEO Experts"}}, {"model": "web.contact", "pk": 46, "fields": {"name": "RobertPlara", "timestamp": "2024-05-10T10:20:43.629Z", "email": "daniellemachado@hotmail.com", "phone": "88792164987", "subject": "Collaborate for Business Excellence: SellAccs.net Partnership", "message": "Seeking ambitious salespeople to join https://SellAccs.net! With our cutting-edge platform for online account transactions, you'll have a lucrative market at your fingertips. Enjoy generous commissions and robust support as you help fuel our growth and revolutionize digital commerce. Join us today and unlock endless earning potential! \r\n \r\n \r\nMOUSE CLICK THE FOLLOWING WEBSITE PAGE: https://SellAccs.net"}}]